,Tiempo,Temperatura,Humedad,17:59:45.931852
0,,,,17:59:45.931852
1,Soleado,40.0,80.0,17:59:45.931852
2,Nublado,30.0,82.0,17:59:45.931852
3,Tormenta,22.0,83.0,17:59:45.931852
